item_sku,product_name,brand_name,short_desc,dept,base_price,stock_count
LEGACY-10000,Product Name 0,Sony,Good product,Books,69.93,21
LEGACY-10001,Product Name 1,Nike,Good product,Elec,106.34,16
LEGACY-10002,Product Name 2,Penguin,Good product,Elec,29.28,39
LEGACY-10003,Product Name 3,Sony,Good product,Toys,108.11,38
LEGACY-10004,Product Name 4,Sony,Good product,App,86.15,6
LEGACY-10005,Product Name 5,Lego,Good product,Toys,19.93,7
LEGACY-10006,Product Name 6,KitchenAid,Good product,H&K,-10.0,71
LEGACY-10007,Product Name 7,Penguin,Good product,H&K,67.27,59
LEGACY-10008,Product Name 8,Lego,Good product,H&K,75.66,99
LEGACY-10009,Product Name 9,Nike,Good product,Books,5.02,57
LEGACY-10010,Product Name 10,Sony,Good product,App,15.79,4
LEGACY-10011,Product Name 11,KitchenAid,Good product,Toys,21.5,30
LEGACY-10012,Product Name 12,Lego,Good product,H&K,116.16,84
LEGACY-10013,Product Name 13,Lego,Good product,Books,132.83,41
LEGACY-10014,Product Name 14,Penguin,Good product,Books,67.94,12
LEGACY-10015,Product Name 15,Nike,Good product,Books,52.62,96
LEGACY-10016,Product Name 16,Lego,Good product,H&K,111.1,91
LEGACY-10017,Product Name 17,Lego,Good product,Toys,78.67,41
LEGACY-10018,Product Name 18,Penguin,Good product,Toys,144.32,78
LEGACY-10019,Product Name 19,Penguin,Good product,Books,51.52,49
LEGACY-10020,Product Name 20,Penguin,Good product,Books,45.61,81
LEGACY-10021,Product Name 21,Sony,Good product,Books,87.41,32
LEGACY-10022,Product Name 22,Sony,Good product,Books,121.52,73
LEGACY-10023,Product Name 23,KitchenAid,Good product,Toys,60.43,28
LEGACY-10024,Product Name 24,Lego,Good product,Toys,106.88,94
LEGACY-10025,Product Name 25,Lego,Good product,Toys,87.43,73
LEGACY-10026,Product Name 26,Penguin,Good product,Books,66.65,17
LEGACY-10027,Product Name 27,Penguin,Good product,Books,102.46,17
LEGACY-10028,Product Name 28,Lego,Good product,Elec,126.28,31
LEGACY-10029,Product Name 29,Lego,Good product,App,60.73,80
LEGACY-10030,Product Name 30,Lego,Good product,App,83.27,38
LEGACY-10031,Product Name 31,Nike,Good product,App,47.69,6
LEGACY-10032,Product Name 32,Nike,Good product,H&K,54.89,89
LEGACY-10033,Product Name 33,Sony,Good product,H&K,23.92,68
LEGACY-10034,Product Name 34,Nike,Good product,Elec,75.35,73
LEGACY-10035,Product Name 35,Nike,Good product,App,-10.0,14
LEGACY-10036,Product Name 36,Penguin,Good product,Books,53.1,1
LEGACY-10037,Product Name 37,Penguin,Good product,Books,40.4,30
LEGACY-10038,Product Name 38,KitchenAid,Good product,Toys,117.89,98
LEGACY-10039,Product Name 39,Lego,Good product,H&K,69.86,23
LEGACY-10040,Product Name 40,Sony,Good product,Books,99.65,100
LEGACY-10041,Product Name 41,Penguin,Good product,H&K,10.53,3
LEGACY-10042,Product Name 42,Nike,Good product,H&K,81.26,60
LEGACY-10043,Product Name 43,Lego,Good product,H&K,135.54,74
LEGACY-10044,Product Name 44,Penguin,Good product,Elec,111.33,84
LEGACY-10045,Product Name 45,Lego,Good product,Books,68.22,52
LEGACY-10046,Product Name 46,KitchenAid,Good product,H&K,139.98,73
LEGACY-10047,Product Name 47,KitchenAid,Good product,Elec,144.94,17
LEGACY-10048,Product Name 48,Nike,Good product,Books,20.57,63
LEGACY-10049,Product Name 49,Lego,Good product,Elec,51.75,79
LEGACY-10050,Product Name 50,Sony,Good product,Toys,120.87,91
LEGACY-10051,Product Name 51,Sony,Good product,App,102.51,90
LEGACY-10052,Product Name 52,Sony,Good product,Books,62.44,5
LEGACY-10053,Product Name 53,Sony,Good product,Toys,13.94,39
LEGACY-10054,Product Name 54,Lego,Good product,App,138.24,13
LEGACY-10055,Product Name 55,Nike,Good product,H&K,76.09,82
LEGACY-10056,Product Name 56,KitchenAid,Good product,Toys,70.66,74
LEGACY-10057,Product Name 57,Nike,Good product,Books,39.98,78
LEGACY-10058,Product Name 58,Lego,Good product,Books,145.3,100
LEGACY-10059,Product Name 59,KitchenAid,Good product,Elec,81.95,9
LEGACY-10060,Product Name 60,KitchenAid,Good product,App,43.78,92
LEGACY-10061,Product Name 61,Sony,Good product,Toys,98.87,100
LEGACY-10062,Product Name 62,Lego,Good product,Elec,22.09,11
LEGACY-10063,Product Name 63,Lego,Good product,Toys,96.31,41
LEGACY-10064,Product Name 64,Penguin,Good product,Books,17.92,58
LEGACY-10065,Product Name 65,KitchenAid,Good product,H&K,120.85,55
LEGACY-10066,Product Name 66,Penguin,Good product,H&K,131.87,32
LEGACY-10067,Product Name 67,Penguin,Good product,Elec,80.91,19
LEGACY-10068,Product Name 68,Lego,Good product,Books,91.62,81
LEGACY-10069,Product Name 69,Nike,Good product,H&K,84.25,86
LEGACY-10070,Product Name 70,KitchenAid,Good product,Elec,100.52,23
LEGACY-10071,Product Name 71,Sony,Good product,App,83.59,8
LEGACY-10072,Product Name 72,Lego,Good product,Books,56.93,60
LEGACY-10073,Product Name 73,Nike,Good product,App,70.15,24
LEGACY-10074,Product Name 74,Nike,Good product,Elec,39.62,26
LEGACY-10075,,KitchenAid,Good product,App,10.31,85
LEGACY-10076,Product Name 76,Lego,Good product,App,118.42,99
LEGACY-10077,Product Name 77,KitchenAid,Good product,H&K,-10.0,95
LEGACY-10078,Product Name 78,Penguin,Good product,H&K,77.26,45
LEGACY-10079,Product Name 79,KitchenAid,Good product,App,78.67,55
LEGACY-10080,Product Name 80,Sony,Good product,App,104.38,46
LEGACY-10081,Product Name 81,Lego,Good product,App,146.97,37
LEGACY-10082,Product Name 82,KitchenAid,Good product,Toys,24.43,22
LEGACY-10083,Product Name 83,Sony,Good product,H&K,116.85,95
LEGACY-10084,Product Name 84,Sony,Good product,Elec,18.0,35
LEGACY-10085,Product Name 85,Nike,Good product,H&K,66.23,9
LEGACY-10086,Product Name 86,KitchenAid,Good product,Books,134.97,19
LEGACY-10087,Product Name 87,KitchenAid,Good product,Books,55.11,12
LEGACY-10088,Product Name 88,KitchenAid,Good product,H&K,105.74,52
LEGACY-10089,Product Name 89,Lego,Good product,H&K,60.37,32
LEGACY-10090,Product Name 90,Penguin,Good product,Books,108.67,17
LEGACY-10091,Product Name 91,Sony,Good product,Books,86.5,53
LEGACY-10092,Product Name 92,Sony,Good product,App,43.95,95
LEGACY-10093,Product Name 93,Nike,Good product,H&K,90.89,21
LEGACY-10094,Product Name 94,KitchenAid,Good product,Books,21.7,71
LEGACY-10095,Product Name 95,Sony,Good product,H&K,47.31,17
LEGACY-10096,Product Name 96,Penguin,Good product,Elec,99.41,49
LEGACY-10097,Product Name 97,Penguin,Good product,App,125.51,99
LEGACY-10098,Product Name 98,KitchenAid,Good product,H&K,41.92,38
LEGACY-10099,Product Name 99,Sony,Good product,Elec,129.95,89
LEGACY-10100,Product Name 100,KitchenAid,Good product,H&K,30.14,10
LEGACY-10101,Product Name 101,Lego,Good product,App,130.29,16
LEGACY-10102,Product Name 102,KitchenAid,Good product,Toys,37.8,3
LEGACY-10103,Product Name 103,Penguin,Good product,Elec,115.76,1
LEGACY-10104,Product Name 104,Lego,Good product,Books,134.53,55
LEGACY-10105,Product Name 105,Lego,Good product,Toys,116.21,45
LEGACY-10106,Product Name 106,Sony,Good product,H&K,101.35,6
LEGACY-10107,Product Name 107,Sony,Good product,Elec,141.96,18
LEGACY-10108,Product Name 108,Sony,Good product,Toys,23.57,26
LEGACY-10109,Product Name 109,Penguin,Good product,App,126.08,95
LEGACY-10110,Product Name 110,Penguin,Good product,H&K,92.48,68
LEGACY-10111,Product Name 111,KitchenAid,Good product,Elec,29.9,90
LEGACY-10112,Product Name 112,KitchenAid,Good product,Books,147.59,70
LEGACY-10113,Product Name 113,Penguin,Good product,Elec,120.05,89
LEGACY-10114,Product Name 114,Nike,Good product,Toys,106.44,8
LEGACY-10115,Product Name 115,Penguin,Good product,Elec,55.56,90
LEGACY-10116,Product Name 116,Penguin,Good product,Elec,31.24,8
LEGACY-10117,Product Name 117,Penguin,Good product,H&K,55.29,47
LEGACY-10118,Product Name 118,KitchenAid,Good product,Elec,104.34,73
LEGACY-10119,Product Name 119,Nike,Good product,App,53.17,68
LEGACY-10120,Product Name 120,Lego,Good product,Books,104.69,83
LEGACY-10121,Product Name 121,Penguin,Good product,App,62.4,82
LEGACY-10122,Product Name 122,Nike,Good product,H&K,36.5,74
LEGACY-10123,Product Name 123,Penguin,Good product,Books,57.7,81
LEGACY-10124,Product Name 124,Penguin,Good product,Toys,138.87,17
LEGACY-10125,Product Name 125,Lego,Good product,H&K,22.06,85
LEGACY-10126,Product Name 126,KitchenAid,Good product,H&K,111.27,59
LEGACY-10127,Product Name 127,Penguin,Good product,Toys,56.69,23
LEGACY-10128,Product Name 128,KitchenAid,Good product,App,23.05,4
LEGACY-10129,Product Name 129,Sony,Good product,Elec,39.15,69
LEGACY-10130,Product Name 130,Penguin,Good product,Toys,135.85,32
LEGACY-10131,Product Name 131,KitchenAid,Good product,Toys,47.73,51
LEGACY-10132,Product Name 132,Sony,Good product,H&K,109.48,75
LEGACY-10133,Product Name 133,Lego,Good product,Books,140.78,20
LEGACY-10134,Product Name 134,Sony,Good product,Books,93.14,45
LEGACY-10135,Product Name 135,Nike,Good product,Toys,131.31,45
LEGACY-10136,Product Name 136,KitchenAid,Good product,App,91.45,25
LEGACY-10137,Product Name 137,Nike,Good product,Toys,50.0,7
LEGACY-10138,Product Name 138,Lego,Good product,H&K,119.2,78
LEGACY-10139,Product Name 139,Nike,Good product,Toys,100.24,100
LEGACY-10140,Product Name 140,Penguin,Good product,App,19.68,10
LEGACY-10141,Product Name 141,Penguin,Good product,Toys,32.36,43
LEGACY-10142,,Lego,Good product,App,24.33,31
LEGACY-10143,Product Name 143,Sony,Good product,Toys,64.78,83
LEGACY-10144,Product Name 144,Penguin,Good product,Elec,52.93,2
LEGACY-10145,Product Name 145,KitchenAid,Good product,Toys,95.87,98
LEGACY-10146,Product Name 146,Nike,Good product,Toys,12.0,55
LEGACY-10147,Product Name 147,Lego,Good product,Books,70.75,18
LEGACY-10148,Product Name 148,KitchenAid,Good product,App,38.47,44
LEGACY-10149,Product Name 149,Lego,Good product,App,61.43,26
LEGACY-10150,Product Name 150,Nike,Good product,Books,5.86,69
LEGACY-10151,Product Name 151,KitchenAid,Good product,Books,5.36,20
LEGACY-10152,Product Name 152,KitchenAid,Good product,Elec,105.28,3
LEGACY-10153,Product Name 153,KitchenAid,Good product,Toys,98.2,93
LEGACY-10154,Product Name 154,Sony,Good product,Books,36.16,3
LEGACY-10155,Product Name 155,Penguin,Good product,Toys,37.53,7
LEGACY-10156,Product Name 156,Lego,Good product,Books,87.45,74
LEGACY-10157,Product Name 157,Sony,Good product,Elec,invalid_price,23
LEGACY-10158,Product Name 158,KitchenAid,Good product,Elec,81.89,21
LEGACY-10159,Product Name 159,Sony,Good product,Toys,-10.0,2
LEGACY-10160,Product Name 160,Penguin,Good product,Toys,131.96,73
LEGACY-10161,Product Name 161,Penguin,Good product,App,-10.0,31
LEGACY-10162,Product Name 162,Penguin,Good product,App,57.89,83
LEGACY-10163,Product Name 163,Lego,Good product,Toys,35.43,45
LEGACY-10164,Product Name 164,Sony,Good product,Books,141.22,61
LEGACY-10165,Product Name 165,KitchenAid,Good product,Books,136.15,29
LEGACY-10166,Product Name 166,Lego,Good product,App,36.78,79
LEGACY-10167,Product Name 167,Nike,Good product,Books,-10.0,58
LEGACY-10168,Product Name 168,Penguin,Good product,Elec,12.11,33
LEGACY-10169,Product Name 169,Nike,Good product,Elec,31.29,53
LEGACY-10170,Product Name 170,Penguin,Good product,H&K,102.43,32
LEGACY-10171,Product Name 171,KitchenAid,Good product,Elec,140.95,28
LEGACY-10172,Product Name 172,Lego,Good product,H&K,124.1,72
LEGACY-10173,Product Name 173,Lego,Good product,Elec,147.32,16
LEGACY-10174,Product Name 174,Nike,Good product,Toys,45.76,30
LEGACY-10175,Product Name 175,Sony,Good product,H&K,108.59,83
LEGACY-10176,Product Name 176,Lego,Good product,App,87.9,29
LEGACY-10177,Product Name 177,Penguin,Good product,Books,100.67,88
LEGACY-10178,Product Name 178,Sony,Good product,App,106.75,84
LEGACY-10179,Product Name 179,Lego,Good product,Toys,30.76,93
LEGACY-10180,Product Name 180,Penguin,Good product,Toys,95.3,82
LEGACY-10181,Product Name 181,KitchenAid,Good product,Toys,17.73,79
LEGACY-10182,Product Name 182,Nike,Good product,Books,45.82,27
LEGACY-10183,Product Name 183,KitchenAid,Good product,H&K,24.12,2
LEGACY-10184,Product Name 184,KitchenAid,Good product,Elec,65.06,91
LEGACY-10185,Product Name 185,Penguin,Good product,Books,126.24,57
LEGACY-10186,Product Name 186,Nike,Good product,Books,50.62,16
LEGACY-10187,Product Name 187,KitchenAid,Good product,Books,27.64,89
LEGACY-10188,Product Name 188,Lego,Good product,H&K,51.46,81
LEGACY-10189,Product Name 189,Sony,Good product,Books,109.97,69
LEGACY-10190,Product Name 190,Sony,Good product,Books,78.28,97
LEGACY-10191,Product Name 191,Penguin,Good product,Toys,43.46,57
LEGACY-10192,,Nike,Good product,Elec,58.49,33
LEGACY-10193,Product Name 193,Sony,Good product,Toys,37.0,37
LEGACY-10194,Product Name 194,Nike,Good product,Books,118.16,21
LEGACY-10195,Product Name 195,Lego,Good product,Elec,139.62,42
LEGACY-10196,Product Name 196,Lego,Good product,H&K,92.42,16
LEGACY-10197,Product Name 197,Nike,Good product,Elec,83.44,50
LEGACY-10198,Product Name 198,Sony,Good product,App,145.36,38
LEGACY-10199,Product Name 199,KitchenAid,Good product,Elec,12.5,1
LEGACY-10200,Product Name 200,Penguin,Good product,H&K,141.13,0
LEGACY-10201,,Nike,Good product,Books,137.88,9
LEGACY-10202,Product Name 202,KitchenAid,Good product,Books,140.08,51
LEGACY-10203,Product Name 203,Penguin,Good product,App,125.53,17
LEGACY-10204,Product Name 204,KitchenAid,Good product,Toys,invalid_price,28
LEGACY-10205,Product Name 205,Lego,Good product,Books,40.66,54
LEGACY-10206,Product Name 206,Lego,Good product,Elec,53.83,72
LEGACY-10207,Product Name 207,Penguin,Good product,App,55.92,86
LEGACY-10208,Product Name 208,Lego,Good product,Elec,95.85,58
LEGACY-10209,Product Name 209,KitchenAid,Good product,Toys,74.92,92
LEGACY-10210,Product Name 210,Penguin,Good product,App,19.34,43
LEGACY-10211,Product Name 211,Lego,Good product,App,139.61,47
LEGACY-10212,Product Name 212,Nike,Good product,App,-10.0,31
LEGACY-10213,Product Name 213,KitchenAid,Good product,H&K,5.01,64
LEGACY-10214,Product Name 214,Penguin,Good product,Books,130.57,71
LEGACY-10215,Product Name 215,Penguin,Good product,H&K,79.82,94
LEGACY-10216,Product Name 216,Lego,Good product,Elec,79.35,82
LEGACY-10217,Product Name 217,Penguin,Good product,Books,32.11,70
LEGACY-10218,Product Name 218,KitchenAid,Good product,H&K,66.66,76
LEGACY-10219,Product Name 219,Nike,Good product,Books,25.59,63
LEGACY-10220,Product Name 220,Sony,Good product,H&K,71.77,93
LEGACY-10221,Product Name 221,Lego,Good product,Toys,75.07,57
LEGACY-10222,Product Name 222,Sony,Good product,Elec,51.17,76
LEGACY-10223,Product Name 223,Penguin,Good product,App,20.3,65
LEGACY-10224,Product Name 224,Sony,Good product,H&K,60.46,72
LEGACY-10225,Product Name 225,Lego,Good product,H&K,127.95,4
LEGACY-10226,Product Name 226,Sony,Good product,H&K,140.15,66
LEGACY-10227,Product Name 227,KitchenAid,Good product,H&K,23.25,54
LEGACY-10228,Product Name 228,KitchenAid,Good product,Toys,24.55,92
LEGACY-10229,Product Name 229,Sony,Good product,Books,22.14,8
LEGACY-10230,Product Name 230,Sony,Good product,H&K,68.68,49
LEGACY-10231,Product Name 231,Nike,Good product,App,22.12,56
LEGACY-10232,Product Name 232,Sony,Good product,Books,67.02,84
LEGACY-10233,Product Name 233,Nike,Good product,App,125.83,12
LEGACY-10234,Product Name 234,Lego,Good product,App,24.62,58
LEGACY-10235,Product Name 235,Penguin,Good product,Toys,6.75,26
LEGACY-10236,Product Name 236,Penguin,Good product,Books,106.01,91
LEGACY-10237,Product Name 237,KitchenAid,Good product,Books,49.18,64
LEGACY-10238,Product Name 238,Nike,Good product,Elec,99.89,1
LEGACY-10239,Product Name 239,Penguin,Good product,App,42.73,75
LEGACY-10240,Product Name 240,KitchenAid,Good product,H&K,59.92,48
LEGACY-10241,Product Name 241,Nike,Good product,App,103.96,43
LEGACY-10242,Product Name 242,Penguin,Good product,H&K,131.4,33
LEGACY-10243,Product Name 243,Lego,Good product,H&K,103.38,92
LEGACY-10244,Product Name 244,Sony,Good product,H&K,93.08,54
LEGACY-10245,Product Name 245,Lego,Good product,H&K,77.38,19
LEGACY-10246,Product Name 246,Sony,Good product,H&K,122.47,65
LEGACY-10247,Product Name 247,Sony,Good product,Elec,66.54,62
LEGACY-10248,Product Name 248,Lego,Good product,Books,12.3,59
LEGACY-10249,Product Name 249,Sony,Good product,App,29.09,97
LEGACY-10250,Product Name 250,Lego,Good product,Elec,-10.0,89
LEGACY-10251,Product Name 251,Nike,Good product,Elec,121.15,23
LEGACY-10252,Product Name 252,Sony,Good product,H&K,19.64,50
LEGACY-10253,Product Name 253,Penguin,Good product,H&K,131.55,64
LEGACY-10254,Product Name 254,KitchenAid,Good product,H&K,95.69,93
LEGACY-10255,Product Name 255,Penguin,Good product,Elec,15.05,66
LEGACY-10256,Product Name 256,Nike,Good product,Books,141.82,29
LEGACY-10257,Product Name 257,Sony,Good product,App,71.99,94
LEGACY-10258,Product Name 258,Penguin,Good product,H&K,120.07,31
LEGACY-10259,Product Name 259,Lego,Good product,App,101.29,9
LEGACY-10260,Product Name 260,Penguin,Good product,Toys,56.71,26
LEGACY-10261,Product Name 261,Penguin,Good product,App,56.75,87
LEGACY-10262,Product Name 262,Penguin,Good product,Toys,21.87,57
LEGACY-10263,Product Name 263,Lego,Good product,App,92.99,8
LEGACY-10264,Product Name 264,Nike,Good product,Toys,143.97,19
LEGACY-10265,Product Name 265,Sony,Good product,App,139.44,73
LEGACY-10266,Product Name 266,Penguin,Good product,H&K,79.39,43
LEGACY-10267,Product Name 267,Sony,Good product,H&K,134.3,7
LEGACY-10268,Product Name 268,Sony,Good product,Books,138.61,96
LEGACY-10269,Product Name 269,Penguin,Good product,Toys,62.35,31
LEGACY-10270,Product Name 270,Sony,Good product,Books,72.81,45
LEGACY-10271,Product Name 271,Penguin,Good product,Toys,73.48,28
LEGACY-10272,Product Name 272,Lego,Good product,Elec,135.73,51
LEGACY-10273,Product Name 273,Penguin,Good product,Books,19.6,57
LEGACY-10274,Product Name 274,Penguin,Good product,Toys,85.54,56
LEGACY-10275,Product Name 275,KitchenAid,Good product,Toys,42.94,94
LEGACY-10276,Product Name 276,Penguin,Good product,Toys,114.44,16
LEGACY-10277,Product Name 277,Nike,Good product,H&K,81.5,53
LEGACY-10278,Product Name 278,Penguin,Good product,Books,143.06,17
LEGACY-10279,Product Name 279,Nike,Good product,Toys,143.79,56
LEGACY-10280,Product Name 280,Lego,Good product,Elec,104.95,24
LEGACY-10281,Product Name 281,Nike,Good product,Elec,108.64,34
LEGACY-10282,,Nike,Good product,Elec,34.02,1
LEGACY-10283,Product Name 283,Penguin,Good product,Books,121.42,89
LEGACY-10284,Product Name 284,KitchenAid,Good product,H&K,19.64,33
LEGACY-10285,Product Name 285,Sony,Good product,Books,104.81,61
LEGACY-10286,Product Name 286,KitchenAid,Good product,Toys,32.51,83
LEGACY-10287,Product Name 287,Lego,Good product,Books,141.4,44
LEGACY-10288,Product Name 288,Sony,Good product,Toys,92.24,33
LEGACY-10289,Product Name 289,Penguin,Good product,App,117.79,93
LEGACY-10290,Product Name 290,Sony,Good product,App,109.22,84
LEGACY-10291,Product Name 291,Lego,Good product,App,85.31,80
LEGACY-10292,Product Name 292,Nike,Good product,Books,119.36,78
LEGACY-10293,Product Name 293,Lego,Good product,App,95.55,15
LEGACY-10294,Product Name 294,Lego,Good product,App,83.1,12
LEGACY-10295,Product Name 295,Penguin,Good product,Elec,28.07,44
LEGACY-10296,Product Name 296,Penguin,Good product,H&K,70.56,82
LEGACY-10297,Product Name 297,KitchenAid,Good product,Books,88.2,67
LEGACY-10298,Product Name 298,Lego,Good product,App,146.2,79
LEGACY-10299,Product Name 299,Penguin,Good product,H&K,105.34,2
LEGACY-10300,Product Name 300,Nike,Good product,Elec,144.26,33
LEGACY-10301,Product Name 301,KitchenAid,Good product,Elec,73.32,83
LEGACY-10302,Product Name 302,Sony,Good product,Books,invalid_price,76
LEGACY-10303,Product Name 303,Nike,Good product,Books,84.47,53
LEGACY-10304,Product Name 304,Penguin,Good product,App,40.17,29
LEGACY-10305,Product Name 305,Lego,Good product,App,144.2,87
LEGACY-10306,Product Name 306,KitchenAid,Good product,Elec,17.36,23
LEGACY-10307,Product Name 307,Lego,Good product,Toys,128.79,32
LEGACY-10308,Product Name 308,KitchenAid,Good product,App,131.87,2
LEGACY-10309,Product Name 309,Lego,Good product,Toys,132.62,78
LEGACY-10310,Product Name 310,Nike,Good product,Toys,82.29,79
LEGACY-10311,Product Name 311,Nike,Good product,App,84.55,25
LEGACY-10312,Product Name 312,Lego,Good product,App,60.13,60
LEGACY-10313,Product Name 313,Nike,Good product,Books,123.97,6
LEGACY-10314,Product Name 314,Lego,Good product,Books,56.29,77
LEGACY-10315,Product Name 315,Sony,Good product,App,66.64,11
LEGACY-10316,Product Name 316,Penguin,Good product,Books,70.76,36
LEGACY-10317,Product Name 317,Penguin,Good product,H&K,19.58,51
LEGACY-10318,Product Name 318,Penguin,Good product,App,27.78,37
LEGACY-10319,Product Name 319,Lego,Good product,H&K,130.64,89
LEGACY-10320,Product Name 320,KitchenAid,Good product,Toys,146.62,73
LEGACY-10321,Product Name 321,Nike,Good product,Books,104.5,67
LEGACY-10322,Product Name 322,Sony,Good product,Toys,43.13,58
LEGACY-10323,Product Name 323,KitchenAid,Good product,App,57.39,20
LEGACY-10324,Product Name 324,Nike,Good product,App,56.88,52
LEGACY-10325,Product Name 325,KitchenAid,Good product,App,112.43,60
LEGACY-10326,Product Name 326,Sony,Good product,App,56.08,7
LEGACY-10327,Product Name 327,Penguin,Good product,H&K,10.08,18
LEGACY-10328,Product Name 328,Lego,Good product,App,71.05,74
LEGACY-10329,Product Name 329,Lego,Good product,Elec,52.69,40
LEGACY-10330,Product Name 330,Sony,Good product,App,67.98,72
LEGACY-10331,Product Name 331,Nike,Good product,Books,145.97,9
LEGACY-10332,Product Name 332,KitchenAid,Good product,H&K,105.26,24
LEGACY-10333,Product Name 333,KitchenAid,Good product,Toys,86.33,30
LEGACY-10334,Product Name 334,Nike,Good product,Elec,69.1,84
LEGACY-10335,Product Name 335,Penguin,Good product,Books,62.35,26
LEGACY-10336,Product Name 336,Lego,Good product,Elec,38.84,88
LEGACY-10337,Product Name 337,Lego,Good product,Elec,14.47,55
LEGACY-10338,Product Name 338,Sony,Good product,Books,102.94,66
LEGACY-10339,Product Name 339,Nike,Good product,Elec,36.7,26
LEGACY-10340,Product Name 340,Nike,Good product,Books,28.64,44
LEGACY-10341,Product Name 341,KitchenAid,Good product,App,112.73,74
LEGACY-10342,Product Name 342,Nike,Good product,App,130.21,52
LEGACY-10343,Product Name 343,Sony,Good product,Toys,invalid_price,56
LEGACY-10344,Product Name 344,Nike,Good product,Books,112.23,35
LEGACY-10345,Product Name 345,Sony,Good product,Elec,63.72,34
LEGACY-10346,Product Name 346,Sony,Good product,Toys,116.76,98
LEGACY-10347,Product Name 347,Lego,Good product,H&K,62.02,51
LEGACY-10348,Product Name 348,Nike,Good product,H&K,149.55,62
LEGACY-10349,Product Name 349,KitchenAid,Good product,H&K,99.96,6
LEGACY-10350,Product Name 350,Sony,Good product,Elec,100.4,90
LEGACY-10351,Product Name 351,Lego,Good product,Toys,36.61,6
LEGACY-10352,Product Name 352,KitchenAid,Good product,Toys,50.94,40
LEGACY-10353,Product Name 353,KitchenAid,Good product,Books,84.38,26
LEGACY-10354,Product Name 354,Penguin,Good product,Toys,126.55,100
LEGACY-10355,Product Name 355,KitchenAid,Good product,Toys,116.15,57
LEGACY-10356,Product Name 356,Penguin,Good product,H&K,-10.0,7
LEGACY-10357,Product Name 357,Penguin,Good product,H&K,125.42,54
LEGACY-10358,Product Name 358,Nike,Good product,H&K,27.47,57
LEGACY-10359,Product Name 359,Penguin,Good product,App,28.73,90
LEGACY-10360,Product Name 360,Lego,Good product,App,143.09,91
LEGACY-10361,Product Name 361,Nike,Good product,H&K,97.38,70
LEGACY-10362,Product Name 362,Nike,Good product,H&K,44.41,41
LEGACY-10363,Product Name 363,Lego,Good product,Toys,88.35,42
LEGACY-10364,Product Name 364,Sony,Good product,Elec,67.0,42
LEGACY-10365,Product Name 365,Sony,Good product,Toys,140.23,82
LEGACY-10366,Product Name 366,KitchenAid,Good product,App,39.9,77
LEGACY-10367,Product Name 367,Sony,Good product,Books,79.02,99
LEGACY-10368,,KitchenAid,Good product,Elec,71.26,71
LEGACY-10369,Product Name 369,Lego,Good product,Toys,105.78,9
LEGACY-10370,Product Name 370,Sony,Good product,Elec,114.42,66
LEGACY-10371,Product Name 371,Nike,Good product,Books,78.25,12
LEGACY-10372,Product Name 372,Sony,Good product,Books,67.36,45
LEGACY-10373,Product Name 373,Penguin,Good product,Books,106.33,78
LEGACY-10374,Product Name 374,Nike,Good product,App,18.74,69
LEGACY-10375,Product Name 375,KitchenAid,Good product,App,123.24,86
LEGACY-10376,Product Name 376,Sony,Good product,H&K,35.8,44
LEGACY-10377,Product Name 377,Sony,Good product,App,110.34,7
LEGACY-10378,Product Name 378,Nike,Good product,App,20.6,28
LEGACY-10379,Product Name 379,Lego,Good product,H&K,47.29,81
LEGACY-10380,Product Name 380,Penguin,Good product,Toys,68.28,26
LEGACY-10381,Product Name 381,KitchenAid,Good product,Elec,140.67,92
LEGACY-10382,Product Name 382,Sony,Good product,Books,15.73,12
LEGACY-10383,Product Name 383,Lego,Good product,App,-10.0,60
LEGACY-10384,Product Name 384,Lego,Good product,Books,44.72,100
LEGACY-10385,Product Name 385,Penguin,Good product,Elec,142.16,82
LEGACY-10386,Product Name 386,Nike,Good product,App,61.55,22
LEGACY-10387,Product Name 387,Nike,Good product,Elec,78.05,91
LEGACY-10388,Product Name 388,Nike,Good product,Elec,107.61,53
LEGACY-10389,Product Name 389,KitchenAid,Good product,Books,142.87,16
LEGACY-10390,Product Name 390,Lego,Good product,Toys,53.47,14
LEGACY-10391,Product Name 391,Penguin,Good product,H&K,101.19,77
LEGACY-10392,Product Name 392,Penguin,Good product,H&K,68.85,96
LEGACY-10393,Product Name 393,Sony,Good product,App,67.08,28
LEGACY-10394,Product Name 394,Lego,Good product,Toys,76.57,7
LEGACY-10395,Product Name 395,Lego,Good product,H&K,101.73,81
LEGACY-10396,Product Name 396,Sony,Good product,H&K,126.74,19
LEGACY-10397,Product Name 397,Lego,Good product,H&K,90.88,55
LEGACY-10398,Product Name 398,Penguin,Good product,Elec,141.74,3
LEGACY-10399,Product Name 399,Penguin,Good product,Toys,5.7,55
LEGACY-10400,Product Name 400,Lego,Good product,Elec,58.97,77
LEGACY-10401,Product Name 401,Lego,Good product,Elec,13.68,42
LEGACY-10402,Product Name 402,KitchenAid,Good product,Books,99.11,50
LEGACY-10403,Product Name 403,Nike,Good product,H&K,134.09,16
LEGACY-10404,Product Name 404,Sony,Good product,H&K,137.67,7
LEGACY-10405,Product Name 405,Lego,Good product,Elec,91.92,73
LEGACY-10406,Product Name 406,Sony,Good product,Books,33.16,40
LEGACY-10407,Product Name 407,KitchenAid,Good product,H&K,128.25,40
LEGACY-10408,Product Name 408,KitchenAid,Good product,Elec,64.54,88
LEGACY-10409,Product Name 409,Penguin,Good product,Elec,74.17,84
LEGACY-10410,Product Name 410,KitchenAid,Good product,Elec,54.24,25
LEGACY-10411,Product Name 411,Nike,Good product,Toys,97.76,26
LEGACY-10412,Product Name 412,Lego,Good product,H&K,99.8,48
LEGACY-10413,Product Name 413,Lego,Good product,Toys,140.59,30
LEGACY-10414,Product Name 414,KitchenAid,Good product,Toys,149.38,77
LEGACY-10415,Product Name 415,Lego,Good product,H&K,77.67,96
LEGACY-10416,Product Name 416,Penguin,Good product,App,53.38,67
LEGACY-10417,Product Name 417,Nike,Good product,Elec,107.46,12
LEGACY-10418,Product Name 418,Nike,Good product,Books,148.64,83
LEGACY-10419,Product Name 419,Penguin,Good product,Elec,42.77,87
LEGACY-10420,Product Name 420,Sony,Good product,Toys,50.91,29
LEGACY-10421,Product Name 421,Lego,Good product,H&K,45.51,90
LEGACY-10422,Product Name 422,Sony,Good product,Toys,81.91,35
LEGACY-10423,Product Name 423,Penguin,Good product,Toys,111.87,42
LEGACY-10424,Product Name 424,Penguin,Good product,App,53.8,96
LEGACY-10425,Product Name 425,Nike,Good product,Toys,90.72,67
LEGACY-10426,Product Name 426,Penguin,Good product,App,55.14,58
LEGACY-10427,Product Name 427,Sony,Good product,H&K,149.11,94
LEGACY-10428,Product Name 428,Sony,Good product,Elec,99.99,86
LEGACY-10429,Product Name 429,Nike,Good product,App,43.86,67
LEGACY-10430,Product Name 430,Penguin,Good product,Toys,114.78,79
LEGACY-10431,Product Name 431,KitchenAid,Good product,H&K,35.38,90
LEGACY-10432,Product Name 432,Sony,Good product,Books,118.54,22
LEGACY-10433,,Lego,Good product,Elec,101.44,78
LEGACY-10434,Product Name 434,Nike,Good product,App,120.98,71
LEGACY-10435,Product Name 435,Penguin,Good product,H&K,85.95,95
LEGACY-10436,Product Name 436,Sony,Good product,App,21.24,69
LEGACY-10437,Product Name 437,Lego,Good product,H&K,32.07,46
LEGACY-10438,Product Name 438,KitchenAid,Good product,App,54.13,85
LEGACY-10439,Product Name 439,Lego,Good product,Elec,123.57,3
LEGACY-10440,Product Name 440,Penguin,Good product,Books,39.0,12
LEGACY-10441,Product Name 441,Lego,Good product,Toys,8.05,100
LEGACY-10442,Product Name 442,Sony,Good product,Toys,104.84,100
LEGACY-10443,Product Name 443,KitchenAid,Good product,Books,59.82,30
LEGACY-10444,Product Name 444,Lego,Good product,Toys,124.23,23
LEGACY-10445,Product Name 445,Lego,Good product,Elec,126.86,44
LEGACY-10446,Product Name 446,Lego,Good product,Elec,26.94,44
LEGACY-10447,Product Name 447,Nike,Good product,Books,102.3,50
LEGACY-10448,Product Name 448,Nike,Good product,App,86.25,67
LEGACY-10449,Product Name 449,KitchenAid,Good product,Books,92.63,65
LEGACY-10450,Product Name 450,Penguin,Good product,Books,52.15,93
LEGACY-10451,Product Name 451,Penguin,Good product,App,47.3,91
LEGACY-10452,Product Name 452,Lego,Good product,App,6.47,30
LEGACY-10453,,Penguin,Good product,H&K,92.41,85
LEGACY-10454,Product Name 454,Sony,Good product,Books,32.66,92
LEGACY-10455,Product Name 455,Penguin,Good product,Elec,64.82,77
LEGACY-10456,Product Name 456,Nike,Good product,Toys,29.31,80
LEGACY-10457,Product Name 457,Penguin,Good product,Books,76.27,56
LEGACY-10458,Product Name 458,Sony,Good product,App,94.42,56
LEGACY-10459,Product Name 459,Nike,Good product,App,17.59,84
LEGACY-10460,Product Name 460,KitchenAid,Good product,App,38.62,8
LEGACY-10461,Product Name 461,Lego,Good product,Elec,29.09,37
LEGACY-10462,Product Name 462,Nike,Good product,Books,63.65,20
LEGACY-10463,Product Name 463,KitchenAid,Good product,Toys,125.11,70
LEGACY-10464,Product Name 464,Sony,Good product,App,117.62,88
LEGACY-10465,Product Name 465,Nike,Good product,H&K,101.09,8
LEGACY-10466,Product Name 466,Penguin,Good product,H&K,122.93,92
LEGACY-10467,Product Name 467,Penguin,Good product,H&K,62.24,71
LEGACY-10468,Product Name 468,Penguin,Good product,Books,7.09,91
LEGACY-10469,Product Name 469,Penguin,Good product,H&K,68.25,3
LEGACY-10470,Product Name 470,Sony,Good product,Books,101.02,13
LEGACY-10471,Product Name 471,Lego,Good product,H&K,125.55,46
LEGACY-10472,Product Name 472,Sony,Good product,Books,97.52,78
LEGACY-10473,Product Name 473,Lego,Good product,Books,52.6,25
LEGACY-10474,Product Name 474,Penguin,Good product,Elec,81.99,19
LEGACY-10475,Product Name 475,Sony,Good product,Toys,48.67,29
LEGACY-10476,Product Name 476,Lego,Good product,Elec,61.32,24
LEGACY-10477,Product Name 477,Lego,Good product,H&K,81.06,17
LEGACY-10478,Product Name 478,KitchenAid,Good product,Books,124.52,16
LEGACY-10479,Product Name 479,Penguin,Good product,App,130.93,60
LEGACY-10480,Product Name 480,Sony,Good product,Toys,35.02,69
LEGACY-10481,Product Name 481,Sony,Good product,Books,135.14,99
LEGACY-10482,Product Name 482,Lego,Good product,App,66.06,61
LEGACY-10483,Product Name 483,KitchenAid,Good product,H&K,134.42,90
LEGACY-10484,Product Name 484,KitchenAid,Good product,Elec,78.3,85
LEGACY-10485,Product Name 485,KitchenAid,Good product,App,59.1,96
LEGACY-10486,Product Name 486,Lego,Good product,H&K,46.82,82
LEGACY-10487,Product Name 487,Nike,Good product,App,93.98,44
LEGACY-10488,Product Name 488,KitchenAid,Good product,Elec,36.43,55
LEGACY-10489,Product Name 489,Nike,Good product,Toys,139.73,2
LEGACY-10490,Product Name 490,Lego,Good product,Books,25.12,45
LEGACY-10491,Product Name 491,Sony,Good product,App,34.34,57
LEGACY-10492,Product Name 492,Penguin,Good product,Elec,88.7,92
LEGACY-10493,Product Name 493,Sony,Good product,H&K,98.77,44
LEGACY-10494,Product Name 494,Sony,Good product,App,61.09,55
LEGACY-10495,Product Name 495,Lego,Good product,Elec,129.39,83
LEGACY-10496,Product Name 496,KitchenAid,Good product,Books,45.33,73
LEGACY-10497,Product Name 497,Lego,Good product,Toys,19.51,21
LEGACY-10498,Product Name 498,Penguin,Good product,Books,95.68,81
LEGACY-10499,Product Name 499,Lego,Good product,Toys,50.41,87
LEGACY-10500,Product Name 500,Sony,Good product,Toys,100.48,35
LEGACY-10501,Product Name 501,Lego,Good product,Elec,132.01,88
LEGACY-10502,Product Name 502,Penguin,Good product,Books,-10.0,81
LEGACY-10503,Product Name 503,Sony,Good product,Elec,41.22,10
LEGACY-10504,Product Name 504,Lego,Good product,Elec,23.32,18
LEGACY-10505,Product Name 505,Penguin,Good product,Toys,12.01,3
LEGACY-10506,Product Name 506,Penguin,Good product,Books,27.45,61
LEGACY-10507,Product Name 507,Lego,Good product,Elec,24.59,2
LEGACY-10508,Product Name 508,Lego,Good product,Elec,6.18,74
LEGACY-10509,Product Name 509,Lego,Good product,H&K,83.63,8
LEGACY-10510,Product Name 510,KitchenAid,Good product,App,141.87,88
LEGACY-10511,,Lego,Good product,Books,41.68,19
LEGACY-10512,Product Name 512,KitchenAid,Good product,App,120.47,72
LEGACY-10513,Product Name 513,Penguin,Good product,H&K,57.58,16
LEGACY-10514,Product Name 514,Penguin,Good product,H&K,73.72,78
LEGACY-10515,Product Name 515,Sony,Good product,App,62.04,24
LEGACY-10516,Product Name 516,Nike,Good product,App,124.65,15
LEGACY-10517,Product Name 517,Sony,Good product,Elec,138.27,46
LEGACY-10518,Product Name 518,Lego,Good product,Books,140.28,6
LEGACY-10519,Product Name 519,Nike,Good product,Toys,52.59,96
LEGACY-10520,Product Name 520,Penguin,Good product,Elec,65.88,8
LEGACY-10521,Product Name 521,Sony,Good product,Elec,124.74,95
LEGACY-10522,Product Name 522,Penguin,Good product,App,121.73,67
LEGACY-10523,Product Name 523,Lego,Good product,Elec,132.25,82
LEGACY-10524,Product Name 524,Sony,Good product,Toys,29.89,9
LEGACY-10525,Product Name 525,Lego,Good product,H&K,32.65,2
LEGACY-10526,Product Name 526,Penguin,Good product,Books,27.61,72
LEGACY-10527,Product Name 527,Sony,Good product,H&K,41.57,62
LEGACY-10528,Product Name 528,KitchenAid,Good product,Toys,94.14,87
LEGACY-10529,Product Name 529,Lego,Good product,Books,72.48,30
LEGACY-10530,Product Name 530,Nike,Good product,App,33.07,51
LEGACY-10531,Product Name 531,Penguin,Good product,Elec,40.95,16
LEGACY-10532,Product Name 532,Lego,Good product,App,67.84,26
LEGACY-10533,Product Name 533,Penguin,Good product,Books,136.03,49
LEGACY-10534,Product Name 534,KitchenAid,Good product,App,119.58,35
LEGACY-10535,Product Name 535,Nike,Good product,Elec,19.48,81
LEGACY-10536,Product Name 536,Penguin,Good product,App,99.15,25
LEGACY-10537,Product Name 537,Lego,Good product,Books,24.72,2
LEGACY-10538,Product Name 538,Penguin,Good product,App,10.96,96
LEGACY-10539,Product Name 539,Sony,Good product,H&K,68.56,61
LEGACY-10540,Product Name 540,Penguin,Good product,App,105.11,60
LEGACY-10541,Product Name 541,Nike,Good product,Elec,92.61,59
LEGACY-10542,Product Name 542,Lego,Good product,H&K,112.05,91
LEGACY-10543,Product Name 543,Sony,Good product,Elec,11.92,45
LEGACY-10544,Product Name 544,Sony,Good product,App,122.58,74
LEGACY-10545,Product Name 545,KitchenAid,Good product,App,11.61,66
LEGACY-10546,Product Name 546,Penguin,Good product,App,108.01,10
LEGACY-10547,Product Name 547,Lego,Good product,H&K,8.56,63
LEGACY-10548,Product Name 548,Lego,Good product,Elec,11.56,99
LEGACY-10549,Product Name 549,Nike,Good product,Elec,42.08,21
LEGACY-10550,Product Name 550,Lego,Good product,H&K,124.9,51
LEGACY-10551,Product Name 551,KitchenAid,Good product,Books,88.48,25
LEGACY-10552,Product Name 552,Penguin,Good product,App,12.95,88
LEGACY-10553,Product Name 553,Lego,Good product,App,105.27,35
LEGACY-10554,Product Name 554,Sony,Good product,App,5.98,16
LEGACY-10555,Product Name 555,Penguin,Good product,App,68.12,9
LEGACY-10556,Product Name 556,Nike,Good product,Elec,148.92,3
LEGACY-10557,Product Name 557,KitchenAid,Good product,App,135.94,31
LEGACY-10558,Product Name 558,Penguin,Good product,App,88.22,80
LEGACY-10559,Product Name 559,Penguin,Good product,Toys,90.79,38
LEGACY-10560,Product Name 560,KitchenAid,Good product,Elec,148.7,28
LEGACY-10561,Product Name 561,Nike,Good product,Books,29.78,81
LEGACY-10562,Product Name 562,Lego,Good product,H&K,56.76,14
LEGACY-10563,Product Name 563,Lego,Good product,App,43.09,97
LEGACY-10564,Product Name 564,Nike,Good product,Elec,82.95,22
LEGACY-10565,Product Name 565,KitchenAid,Good product,Toys,132.26,49
LEGACY-10566,Product Name 566,Sony,Good product,Books,136.76,39
LEGACY-10567,Product Name 567,Nike,Good product,Toys,6.49,81
LEGACY-10568,Product Name 568,Nike,Good product,Toys,68.33,23
LEGACY-10569,Product Name 569,Sony,Good product,Elec,79.02,87
LEGACY-10570,Product Name 570,KitchenAid,Good product,App,68.67,7
LEGACY-10571,Product Name 571,KitchenAid,Good product,App,73.46,50
LEGACY-10572,Product Name 572,Sony,Good product,H&K,127.32,24
LEGACY-10573,Product Name 573,KitchenAid,Good product,Elec,invalid_price,27
LEGACY-10574,Product Name 574,Lego,Good product,App,34.86,84
LEGACY-10575,Product Name 575,Penguin,Good product,Toys,114.01,23
LEGACY-10576,Product Name 576,Penguin,Good product,App,111.25,36
LEGACY-10577,Product Name 577,Penguin,Good product,H&K,140.54,74
LEGACY-10578,Product Name 578,Lego,Good product,H&K,121.43,62
LEGACY-10579,Product Name 579,Penguin,Good product,App,52.67,13
LEGACY-10580,Product Name 580,Sony,Good product,App,144.52,43
LEGACY-10581,Product Name 581,Lego,Good product,Elec,149.61,82
LEGACY-10582,Product Name 582,Lego,Good product,H&K,106.48,65
LEGACY-10583,Product Name 583,KitchenAid,Good product,App,55.4,89
LEGACY-10584,Product Name 584,KitchenAid,Good product,Toys,27.86,90
LEGACY-10585,Product Name 585,Nike,Good product,App,82.71,4
LEGACY-10586,Product Name 586,Nike,Good product,Elec,41.07,46
LEGACY-10587,Product Name 587,Sony,Good product,App,28.74,67
LEGACY-10588,Product Name 588,Lego,Good product,Books,125.16,73
LEGACY-10589,Product Name 589,Penguin,Good product,H&K,21.15,47
LEGACY-10590,,Penguin,Good product,App,54.1,82
LEGACY-10591,Product Name 591,Lego,Good product,App,5.48,70
LEGACY-10592,Product Name 592,Nike,Good product,Books,71.13,46
LEGACY-10593,Product Name 593,KitchenAid,Good product,App,98.14,33
LEGACY-10594,Product Name 594,Penguin,Good product,H&K,93.29,38
LEGACY-10595,Product Name 595,Sony,Good product,App,143.23,26
LEGACY-10596,Product Name 596,KitchenAid,Good product,App,131.38,70
LEGACY-10597,Product Name 597,Nike,Good product,Books,105.36,86
LEGACY-10598,Product Name 598,KitchenAid,Good product,H&K,19.89,24
LEGACY-10599,Product Name 599,Sony,Good product,App,42.41,11
LEGACY-10600,Product Name 600,Sony,Good product,H&K,-10.0,40
LEGACY-10601,Product Name 601,Penguin,Good product,H&K,52.88,14
LEGACY-10602,Product Name 602,Sony,Good product,App,51.02,23
LEGACY-10603,Product Name 603,Lego,Good product,H&K,46.71,35
LEGACY-10604,Product Name 604,Penguin,Good product,Elec,29.41,85
LEGACY-10605,Product Name 605,Sony,Good product,H&K,15.5,73
LEGACY-10606,Product Name 606,Lego,Good product,H&K,85.16,10
LEGACY-10607,Product Name 607,Penguin,Good product,H&K,37.64,80
LEGACY-10608,,Sony,Good product,Books,108.85,85
LEGACY-10609,Product Name 609,Lego,Good product,App,25.83,9
LEGACY-10610,Product Name 610,Lego,Good product,Books,-10.0,5
LEGACY-10611,Product Name 611,KitchenAid,Good product,Toys,-10.0,70
LEGACY-10612,Product Name 612,KitchenAid,Good product,Toys,125.59,8
LEGACY-10613,Product Name 613,Nike,Good product,App,117.38,82
LEGACY-10614,,Nike,Good product,Toys,11.31,85
LEGACY-10615,Product Name 615,Sony,Good product,Toys,130.16,48
LEGACY-10616,Product Name 616,Penguin,Good product,Toys,32.26,96
LEGACY-10617,Product Name 617,KitchenAid,Good product,Toys,66.82,99
LEGACY-10618,Product Name 618,Penguin,Good product,App,64.03,84
LEGACY-10619,Product Name 619,Penguin,Good product,Books,66.71,69
LEGACY-10620,Product Name 620,Sony,Good product,H&K,144.6,89
LEGACY-10621,Product Name 621,Lego,Good product,Toys,94.08,89
LEGACY-10622,Product Name 622,Penguin,Good product,Toys,130.69,19
LEGACY-10623,Product Name 623,Lego,Good product,Books,13.47,66
LEGACY-10624,Product Name 624,Penguin,Good product,App,57.68,32
LEGACY-10625,Product Name 625,Penguin,Good product,Elec,138.96,63
LEGACY-10626,Product Name 626,Nike,Good product,Toys,71.24,56
LEGACY-10627,Product Name 627,Sony,Good product,App,90.83,45
LEGACY-10628,Product Name 628,KitchenAid,Good product,App,95.13,97
LEGACY-10629,Product Name 629,Lego,Good product,Books,84.31,93
LEGACY-10630,Product Name 630,Penguin,Good product,Books,134.71,81
LEGACY-10631,Product Name 631,Lego,Good product,App,149.08,65
LEGACY-10632,Product Name 632,Penguin,Good product,Elec,40.35,15
LEGACY-10633,Product Name 633,Lego,Good product,Books,100.15,70
LEGACY-10634,Product Name 634,KitchenAid,Good product,App,124.06,89
LEGACY-10635,Product Name 635,Sony,Good product,Toys,137.54,80
LEGACY-10636,Product Name 636,Lego,Good product,H&K,125.03,36
LEGACY-10637,Product Name 637,Nike,Good product,Toys,76.64,59
LEGACY-10638,Product Name 638,Sony,Good product,H&K,25.19,50
LEGACY-10639,Product Name 639,Penguin,Good product,App,57.09,5
LEGACY-10640,Product Name 640,KitchenAid,Good product,Toys,11.99,97
LEGACY-10641,Product Name 641,Penguin,Good product,App,87.17,11
LEGACY-10642,Product Name 642,Nike,Good product,Books,141.36,49
LEGACY-10643,Product Name 643,KitchenAid,Good product,Books,144.63,64
LEGACY-10644,Product Name 644,Penguin,Good product,App,87.66,4
LEGACY-10645,Product Name 645,KitchenAid,Good product,Toys,50.5,93
LEGACY-10646,Product Name 646,KitchenAid,Good product,App,73.93,91
LEGACY-10647,Product Name 647,Penguin,Good product,H&K,68.43,26
LEGACY-10648,Product Name 648,Nike,Good product,Elec,48.4,98
LEGACY-10649,Product Name 649,Nike,Good product,App,37.77,39
LEGACY-10650,Product Name 650,KitchenAid,Good product,Toys,124.47,75
LEGACY-10651,Product Name 651,Nike,Good product,Books,59.76,49
LEGACY-10652,Product Name 652,KitchenAid,Good product,Books,29.34,65
LEGACY-10653,Product Name 653,Nike,Good product,H&K,32.96,59
LEGACY-10654,Product Name 654,KitchenAid,Good product,H&K,88.29,44
LEGACY-10655,Product Name 655,Penguin,Good product,App,131.88,98
LEGACY-10656,Product Name 656,KitchenAid,Good product,Toys,12.23,84
LEGACY-10657,Product Name 657,Lego,Good product,App,85.17,4
LEGACY-10658,Product Name 658,KitchenAid,Good product,Toys,70.84,23
LEGACY-10659,Product Name 659,Penguin,Good product,Toys,88.33,83
LEGACY-10660,Product Name 660,Sony,Good product,Toys,63.05,35
LEGACY-10661,Product Name 661,KitchenAid,Good product,Toys,104.5,94
LEGACY-10662,Product Name 662,KitchenAid,Good product,Elec,14.07,67
LEGACY-10663,Product Name 663,Lego,Good product,App,50.06,66
LEGACY-10664,Product Name 664,Penguin,Good product,H&K,103.21,15
LEGACY-10665,Product Name 665,Lego,Good product,Books,106.77,95
LEGACY-10666,Product Name 666,KitchenAid,Good product,H&K,149.18,3
LEGACY-10667,Product Name 667,Sony,Good product,App,22.73,49
LEGACY-10668,Product Name 668,Lego,Good product,Toys,67.46,32
LEGACY-10669,Product Name 669,Lego,Good product,App,97.27,48
LEGACY-10670,Product Name 670,Sony,Good product,Books,66.46,27
LEGACY-10671,Product Name 671,Sony,Good product,App,59.85,52
LEGACY-10672,Product Name 672,Sony,Good product,H&K,24.54,48
LEGACY-10673,Product Name 673,Nike,Good product,H&K,76.33,18
LEGACY-10674,Product Name 674,Lego,Good product,Books,140.36,5
LEGACY-10675,Product Name 675,Penguin,Good product,App,101.56,4
LEGACY-10676,Product Name 676,Lego,Good product,H&K,93.36,49
LEGACY-10677,Product Name 677,Nike,Good product,Books,144.95,1
LEGACY-10678,Product Name 678,Nike,Good product,App,83.36,1
LEGACY-10679,Product Name 679,Lego,Good product,H&K,53.36,50
LEGACY-10680,Product Name 680,Nike,Good product,Elec,58.75,20
LEGACY-10681,Product Name 681,KitchenAid,Good product,Elec,121.47,73
LEGACY-10682,Product Name 682,Lego,Good product,Elec,138.69,79
LEGACY-10683,Product Name 683,Lego,Good product,H&K,106.79,63
LEGACY-10684,Product Name 684,KitchenAid,Good product,Books,109.53,2
LEGACY-10685,Product Name 685,Nike,Good product,Toys,106.24,1
LEGACY-10686,,Lego,Good product,Toys,90.4,17
LEGACY-10687,Product Name 687,Nike,Good product,App,91.94,30
LEGACY-10688,Product Name 688,Lego,Good product,Toys,96.05,92
LEGACY-10689,Product Name 689,Sony,Good product,App,44.03,56
LEGACY-10690,Product Name 690,Nike,Good product,App,74.88,28
LEGACY-10691,Product Name 691,Lego,Good product,Elec,61.57,48
LEGACY-10692,Product Name 692,Lego,Good product,H&K,141.87,30
LEGACY-10693,Product Name 693,Nike,Good product,Elec,119.39,94
LEGACY-10694,Product Name 694,Lego,Good product,Elec,124.12,66
LEGACY-10695,Product Name 695,Lego,Good product,Toys,82.42,5
LEGACY-10696,Product Name 696,Penguin,Good product,Elec,104.14,99
LEGACY-10697,Product Name 697,Penguin,Good product,App,125.72,47
LEGACY-10698,Product Name 698,Lego,Good product,Toys,129.62,30
LEGACY-10699,Product Name 699,Sony,Good product,App,91.45,94
LEGACY-10700,Product Name 700,KitchenAid,Good product,Toys,124.65,19
LEGACY-10701,Product Name 701,Lego,Good product,Elec,55.16,8
LEGACY-10702,Product Name 702,Lego,Good product,App,90.62,92
LEGACY-10703,Product Name 703,Lego,Good product,Elec,145.43,21
LEGACY-10704,Product Name 704,Sony,Good product,H&K,140.4,23
LEGACY-10705,Product Name 705,Lego,Good product,Toys,8.6,73
LEGACY-10706,Product Name 706,Penguin,Good product,App,114.74,95
LEGACY-10707,Product Name 707,Lego,Good product,Books,131.77,9
LEGACY-10708,Product Name 708,Lego,Good product,H&K,58.5,82
LEGACY-10709,Product Name 709,Penguin,Good product,App,5.49,23
LEGACY-10710,Product Name 710,Nike,Good product,H&K,72.12,52
LEGACY-10711,Product Name 711,Sony,Good product,Toys,95.89,23
LEGACY-10712,Product Name 712,Sony,Good product,H&K,128.63,91
LEGACY-10713,Product Name 713,KitchenAid,Good product,Elec,108.96,69
LEGACY-10714,Product Name 714,Sony,Good product,Toys,148.96,96
LEGACY-10715,Product Name 715,Nike,Good product,Toys,64.69,14
LEGACY-10716,Product Name 716,Penguin,Good product,Toys,61.35,58
LEGACY-10717,Product Name 717,Nike,Good product,H&K,15.29,96
LEGACY-10718,Product Name 718,Lego,Good product,H&K,18.47,74
LEGACY-10719,Product Name 719,Nike,Good product,App,68.71,65
LEGACY-10720,Product Name 720,Nike,Good product,H&K,38.62,91
LEGACY-10721,Product Name 721,Lego,Good product,Books,101.34,35
LEGACY-10722,Product Name 722,Penguin,Good product,Elec,64.94,45
LEGACY-10723,Product Name 723,KitchenAid,Good product,Toys,27.24,55
LEGACY-10724,Product Name 724,Lego,Good product,Elec,34.3,45
LEGACY-10725,Product Name 725,KitchenAid,Good product,App,109.62,11
LEGACY-10726,Product Name 726,KitchenAid,Good product,H&K,149.84,87
LEGACY-10727,Product Name 727,KitchenAid,Good product,H&K,57.83,60
LEGACY-10728,,Sony,Good product,Elec,97.27,81
LEGACY-10729,Product Name 729,Penguin,Good product,Books,96.28,4
LEGACY-10730,Product Name 730,Nike,Good product,Toys,112.42,63
LEGACY-10731,Product Name 731,Sony,Good product,Books,10.25,12
LEGACY-10732,Product Name 732,Penguin,Good product,H&K,39.99,84
LEGACY-10733,Product Name 733,Sony,Good product,Toys,53.27,30
LEGACY-10734,Product Name 734,Penguin,Good product,Toys,41.31,31
LEGACY-10735,Product Name 735,Sony,Good product,Elec,132.7,43
LEGACY-10736,,Lego,Good product,Elec,59.31,93
LEGACY-10737,Product Name 737,Sony,Good product,Elec,45.3,19
LEGACY-10738,Product Name 738,Lego,Good product,App,121.85,1
LEGACY-10739,Product Name 739,Sony,Good product,Toys,120.11,89
LEGACY-10740,Product Name 740,Penguin,Good product,Toys,134.32,86
LEGACY-10741,Product Name 741,KitchenAid,Good product,Elec,34.47,73
LEGACY-10742,Product Name 742,KitchenAid,Good product,Elec,63.53,98
LEGACY-10743,Product Name 743,Sony,Good product,Toys,56.8,81
LEGACY-10744,Product Name 744,KitchenAid,Good product,Elec,46.11,70
LEGACY-10745,Product Name 745,Penguin,Good product,Toys,133.83,7
LEGACY-10746,Product Name 746,Penguin,Good product,Elec,98.34,41
LEGACY-10747,Product Name 747,KitchenAid,Good product,H&K,12.25,57
LEGACY-10748,Product Name 748,Penguin,Good product,Elec,141.36,30
LEGACY-10749,,Sony,Good product,H&K,107.01,71
LEGACY-10750,Product Name 750,Penguin,Good product,Elec,61.78,15
LEGACY-10751,Product Name 751,Penguin,Good product,Books,117.95,39
LEGACY-10752,Product Name 752,KitchenAid,Good product,Elec,33.06,45
LEGACY-10753,Product Name 753,KitchenAid,Good product,Toys,139.03,21
LEGACY-10754,Product Name 754,Penguin,Good product,Elec,132.22,40
LEGACY-10755,Product Name 755,KitchenAid,Good product,Toys,25.03,99
LEGACY-10756,Product Name 756,Lego,Good product,Toys,145.51,90
LEGACY-10757,Product Name 757,KitchenAid,Good product,App,-10.0,96
LEGACY-10758,Product Name 758,KitchenAid,Good product,Elec,37.11,99
LEGACY-10759,Product Name 759,Sony,Good product,Toys,73.5,82
LEGACY-10760,Product Name 760,Nike,Good product,Toys,84.55,43
LEGACY-10761,,Lego,Good product,Elec,120.98,99
LEGACY-10762,Product Name 762,Lego,Good product,Books,58.65,19
LEGACY-10763,Product Name 763,Nike,Good product,Books,20.48,97
LEGACY-10764,Product Name 764,Sony,Good product,App,93.91,3
LEGACY-10765,Product Name 765,Penguin,Good product,Elec,50.67,12
LEGACY-10766,Product Name 766,KitchenAid,Good product,H&K,83.1,13
LEGACY-10767,Product Name 767,Nike,Good product,App,57.87,59
LEGACY-10768,Product Name 768,KitchenAid,Good product,Toys,6.71,81
LEGACY-10769,Product Name 769,Nike,Good product,Books,65.88,94
LEGACY-10770,Product Name 770,Nike,Good product,Toys,109.41,22
LEGACY-10771,Product Name 771,Sony,Good product,H&K,76.94,76
LEGACY-10772,Product Name 772,Sony,Good product,Books,77.93,52
LEGACY-10773,Product Name 773,KitchenAid,Good product,App,51.96,8
LEGACY-10774,Product Name 774,Sony,Good product,Elec,52.21,74
LEGACY-10775,Product Name 775,KitchenAid,Good product,H&K,30.45,92
LEGACY-10776,Product Name 776,KitchenAid,Good product,Toys,86.4,62
LEGACY-10777,Product Name 777,Lego,Good product,Books,133.84,70
LEGACY-10778,Product Name 778,Penguin,Good product,H&K,41.28,3
LEGACY-10779,Product Name 779,Lego,Good product,Toys,34.39,33
LEGACY-10780,Product Name 780,KitchenAid,Good product,Books,149.95,12
LEGACY-10781,Product Name 781,Penguin,Good product,H&K,128.92,3
LEGACY-10782,Product Name 782,Penguin,Good product,Elec,95.25,75
LEGACY-10783,Product Name 783,Lego,Good product,App,147.51,68
LEGACY-10784,Product Name 784,Sony,Good product,Books,39.77,84
LEGACY-10785,Product Name 785,KitchenAid,Good product,Elec,6.2,75
LEGACY-10786,Product Name 786,Nike,Good product,App,83.9,34
LEGACY-10787,Product Name 787,Sony,Good product,Books,102.67,31
LEGACY-10788,Product Name 788,Sony,Good product,App,99.29,67
LEGACY-10789,Product Name 789,Sony,Good product,Toys,65.45,26
LEGACY-10790,Product Name 790,Sony,Good product,H&K,31.31,62
LEGACY-10791,Product Name 791,Penguin,Good product,Elec,32.41,84
LEGACY-10792,Product Name 792,Sony,Good product,App,51.91,91
LEGACY-10793,Product Name 793,KitchenAid,Good product,Elec,113.12,6
LEGACY-10794,Product Name 794,KitchenAid,Good product,Books,145.69,45
LEGACY-10795,Product Name 795,KitchenAid,Good product,Books,55.99,69
LEGACY-10796,Product Name 796,Lego,Good product,H&K,148.52,25
LEGACY-10797,Product Name 797,KitchenAid,Good product,Toys,46.54,86
LEGACY-10798,Product Name 798,Penguin,Good product,Toys,81.14,56
LEGACY-10799,Product Name 799,KitchenAid,Good product,Elec,89.57,6
LEGACY-10800,Product Name 800,KitchenAid,Good product,App,133.63,37
LEGACY-10801,Product Name 801,Nike,Good product,App,47.05,3
LEGACY-10802,Product Name 802,Sony,Good product,Toys,115.03,71
LEGACY-10803,Product Name 803,Nike,Good product,App,67.73,19
LEGACY-10804,Product Name 804,Penguin,Good product,Books,96.27,40
LEGACY-10805,Product Name 805,Lego,Good product,Books,invalid_price,99
LEGACY-10806,Product Name 806,Lego,Good product,H&K,48.0,87
LEGACY-10807,Product Name 807,Penguin,Good product,App,19.42,32
LEGACY-10808,Product Name 808,Penguin,Good product,H&K,invalid_price,86
LEGACY-10809,Product Name 809,Nike,Good product,Elec,147.79,27
LEGACY-10810,Product Name 810,Penguin,Good product,Toys,114.34,96
LEGACY-10811,Product Name 811,KitchenAid,Good product,H&K,148.01,89
LEGACY-10812,Product Name 812,Nike,Good product,H&K,132.31,78
LEGACY-10813,Product Name 813,KitchenAid,Good product,Toys,88.63,15
LEGACY-10814,Product Name 814,Nike,Good product,Books,137.67,61
LEGACY-10815,Product Name 815,Nike,Good product,H&K,95.45,71
LEGACY-10816,Product Name 816,Lego,Good product,H&K,104.48,53
LEGACY-10817,Product Name 817,Penguin,Good product,App,57.51,49
LEGACY-10818,Product Name 818,KitchenAid,Good product,Toys,104.74,10
LEGACY-10819,Product Name 819,Nike,Good product,App,12.4,98
LEGACY-10820,Product Name 820,Lego,Good product,Toys,56.67,90
LEGACY-10821,Product Name 821,KitchenAid,Good product,App,118.71,75
LEGACY-10822,Product Name 822,Lego,Good product,App,50.21,84
LEGACY-10823,Product Name 823,Penguin,Good product,Toys,145.8,3
LEGACY-10824,Product Name 824,Penguin,Good product,H&K,50.61,1
LEGACY-10825,Product Name 825,KitchenAid,Good product,Books,27.57,36
LEGACY-10826,Product Name 826,KitchenAid,Good product,Elec,129.93,24
LEGACY-10827,Product Name 827,Nike,Good product,Elec,97.88,93
LEGACY-10828,Product Name 828,Penguin,Good product,Toys,22.76,26
LEGACY-10829,Product Name 829,Nike,Good product,Toys,130.66,39
LEGACY-10830,Product Name 830,Sony,Good product,Books,122.56,72
LEGACY-10831,Product Name 831,Sony,Good product,Books,56.69,50
LEGACY-10832,Product Name 832,Lego,Good product,Books,147.04,94
LEGACY-10833,Product Name 833,Lego,Good product,App,40.87,31
LEGACY-10834,Product Name 834,Penguin,Good product,App,111.69,32
LEGACY-10835,Product Name 835,KitchenAid,Good product,H&K,95.24,93
LEGACY-10836,Product Name 836,KitchenAid,Good product,Books,81.15,77
LEGACY-10837,Product Name 837,Sony,Good product,App,90.31,31
LEGACY-10838,Product Name 838,Nike,Good product,H&K,92.63,9
LEGACY-10839,Product Name 839,Sony,Good product,Books,79.69,64
LEGACY-10840,Product Name 840,Penguin,Good product,Toys,62.42,28
LEGACY-10841,Product Name 841,Penguin,Good product,App,121.85,50
LEGACY-10842,Product Name 842,Sony,Good product,App,120.74,8
LEGACY-10843,Product Name 843,Sony,Good product,Toys,29.15,13
LEGACY-10844,Product Name 844,Penguin,Good product,Elec,121.9,2
LEGACY-10845,Product Name 845,Penguin,Good product,Books,132.33,91
LEGACY-10846,Product Name 846,Penguin,Good product,App,40.56,22
LEGACY-10847,Product Name 847,KitchenAid,Good product,H&K,113.24,69
LEGACY-10848,Product Name 848,Penguin,Good product,H&K,99.61,47
LEGACY-10849,Product Name 849,Nike,Good product,Elec,146.16,98
LEGACY-10850,Product Name 850,Sony,Good product,Books,62.66,2
LEGACY-10851,Product Name 851,KitchenAid,Good product,Elec,31.65,53
LEGACY-10852,Product Name 852,Penguin,Good product,App,147.34,59
LEGACY-10853,Product Name 853,Nike,Good product,Books,14.86,33
LEGACY-10854,Product Name 854,KitchenAid,Good product,Elec,44.67,68
LEGACY-10855,Product Name 855,KitchenAid,Good product,Toys,31.04,79
LEGACY-10856,Product Name 856,KitchenAid,Good product,Elec,49.86,10
LEGACY-10857,Product Name 857,KitchenAid,Good product,H&K,invalid_price,14
LEGACY-10858,Product Name 858,Sony,Good product,App,134.04,98
LEGACY-10859,Product Name 859,Sony,Good product,Toys,143.22,0
LEGACY-10860,Product Name 860,Lego,Good product,H&K,18.01,35
LEGACY-10861,Product Name 861,KitchenAid,Good product,Toys,31.18,44
LEGACY-10862,Product Name 862,Penguin,Good product,App,93.85,58
LEGACY-10863,Product Name 863,Lego,Good product,H&K,117.12,32
LEGACY-10864,Product Name 864,Lego,Good product,Toys,52.56,35
LEGACY-10865,Product Name 865,KitchenAid,Good product,App,116.17,65
LEGACY-10866,Product Name 866,Sony,Good product,Toys,33.0,42
LEGACY-10867,Product Name 867,KitchenAid,Good product,Elec,76.34,51
LEGACY-10868,Product Name 868,Penguin,Good product,App,18.24,86
LEGACY-10869,Product Name 869,Nike,Good product,App,54.75,71
LEGACY-10870,Product Name 870,KitchenAid,Good product,Toys,129.36,100
LEGACY-10871,Product Name 871,Lego,Good product,App,15.67,70
LEGACY-10872,Product Name 872,Sony,Good product,App,30.63,44
LEGACY-10873,Product Name 873,Penguin,Good product,Books,141.4,61
LEGACY-10874,Product Name 874,Penguin,Good product,H&K,117.91,88
LEGACY-10875,Product Name 875,Nike,Good product,App,129.94,92
LEGACY-10876,Product Name 876,Lego,Good product,Books,136.78,2
LEGACY-10877,,Nike,Good product,Books,70.7,33
LEGACY-10878,Product Name 878,Penguin,Good product,Books,34.94,21
LEGACY-10879,Product Name 879,KitchenAid,Good product,App,77.23,17
LEGACY-10880,Product Name 880,KitchenAid,Good product,Elec,13.43,34
LEGACY-10881,Product Name 881,Penguin,Good product,Books,32.95,90
LEGACY-10882,Product Name 882,Nike,Good product,H&K,8.9,27
LEGACY-10883,Product Name 883,Penguin,Good product,Toys,136.19,51
LEGACY-10884,Product Name 884,KitchenAid,Good product,App,117.08,97
LEGACY-10885,Product Name 885,KitchenAid,Good product,Toys,44.45,84
LEGACY-10886,Product Name 886,Nike,Good product,Books,102.23,76
LEGACY-10887,Product Name 887,Lego,Good product,App,116.51,78
LEGACY-10888,Product Name 888,Penguin,Good product,Elec,-10.0,52
LEGACY-10889,Product Name 889,Nike,Good product,Elec,121.53,62
LEGACY-10890,Product Name 890,KitchenAid,Good product,App,42.44,16
LEGACY-10891,Product Name 891,Sony,Good product,Elec,108.68,67
LEGACY-10892,Product Name 892,Nike,Good product,Books,9.19,69
LEGACY-10893,,Lego,Good product,Books,8.56,38
LEGACY-10894,Product Name 894,Nike,Good product,Elec,invalid_price,47
LEGACY-10895,Product Name 895,KitchenAid,Good product,Toys,98.7,27
LEGACY-10896,Product Name 896,Nike,Good product,App,70.82,23
LEGACY-10897,Product Name 897,Lego,Good product,H&K,105.32,66
LEGACY-10898,Product Name 898,Nike,Good product,Toys,142.36,83
LEGACY-10899,Product Name 899,Lego,Good product,H&K,95.81,13
LEGACY-10900,Product Name 900,Penguin,Good product,Elec,44.66,52
LEGACY-10901,Product Name 901,KitchenAid,Good product,Elec,36.23,11
LEGACY-10902,Product Name 902,Penguin,Good product,H&K,48.62,97
LEGACY-10903,Product Name 903,Nike,Good product,Toys,99.83,61
LEGACY-10904,Product Name 904,Penguin,Good product,App,88.64,43
LEGACY-10905,Product Name 905,KitchenAid,Good product,Books,26.04,83
LEGACY-10906,Product Name 906,Nike,Good product,H&K,39.91,87
LEGACY-10907,Product Name 907,Penguin,Good product,App,5.58,36
LEGACY-10908,Product Name 908,Sony,Good product,Books,48.27,68
LEGACY-10909,Product Name 909,Penguin,Good product,Books,100.13,95
LEGACY-10910,Product Name 910,Lego,Good product,Elec,41.23,56
LEGACY-10911,Product Name 911,KitchenAid,Good product,Toys,90.05,65
LEGACY-10912,Product Name 912,Lego,Good product,Elec,60.05,77
LEGACY-10913,Product Name 913,Lego,Good product,Elec,81.91,91
LEGACY-10914,Product Name 914,Penguin,Good product,H&K,149.14,58
LEGACY-10915,Product Name 915,Sony,Good product,H&K,79.07,91
LEGACY-10916,Product Name 916,Penguin,Good product,App,-10.0,93
LEGACY-10917,Product Name 917,Lego,Good product,App,106.02,43
LEGACY-10918,Product Name 918,Penguin,Good product,Toys,5.94,39
LEGACY-10919,Product Name 919,KitchenAid,Good product,Toys,121.52,47
LEGACY-10920,Product Name 920,Lego,Good product,Toys,51.73,16
LEGACY-10921,,KitchenAid,Good product,Toys,91.93,4
LEGACY-10922,Product Name 922,Sony,Good product,Toys,50.04,5
LEGACY-10923,Product Name 923,KitchenAid,Good product,Elec,121.28,53
LEGACY-10924,Product Name 924,Nike,Good product,Books,9.1,43
LEGACY-10925,Product Name 925,KitchenAid,Good product,Elec,39.83,92
LEGACY-10926,Product Name 926,Nike,Good product,Books,89.37,87
LEGACY-10927,Product Name 927,Sony,Good product,Books,87.6,3
LEGACY-10928,Product Name 928,Penguin,Good product,Toys,6.88,34
LEGACY-10929,Product Name 929,Nike,Good product,H&K,65.07,47
LEGACY-10930,Product Name 930,Nike,Good product,Books,148.51,98
LEGACY-10931,Product Name 931,Penguin,Good product,H&K,32.84,54
LEGACY-10932,Product Name 932,KitchenAid,Good product,Elec,17.4,14
LEGACY-10933,Product Name 933,KitchenAid,Good product,Elec,34.05,96
LEGACY-10934,Product Name 934,Sony,Good product,App,117.22,75
LEGACY-10935,Product Name 935,Sony,Good product,Toys,133.28,28
LEGACY-10936,Product Name 936,Sony,Good product,H&K,65.5,81
LEGACY-10937,Product Name 937,Sony,Good product,Toys,6.03,52
LEGACY-10938,Product Name 938,KitchenAid,Good product,App,36.56,61
LEGACY-10939,Product Name 939,KitchenAid,Good product,H&K,14.61,90
LEGACY-10940,Product Name 940,Sony,Good product,Elec,29.5,93
LEGACY-10941,Product Name 941,Lego,Good product,Elec,79.05,65
LEGACY-10942,Product Name 942,Penguin,Good product,App,130.88,24
LEGACY-10943,Product Name 943,KitchenAid,Good product,H&K,8.55,83
LEGACY-10944,Product Name 944,KitchenAid,Good product,Toys,125.84,16
LEGACY-10945,Product Name 945,Penguin,Good product,Books,78.33,89
LEGACY-10946,Product Name 946,Lego,Good product,Books,141.82,99
LEGACY-10947,Product Name 947,Penguin,Good product,Books,137.98,84
LEGACY-10948,Product Name 948,Lego,Good product,Elec,10.65,90
LEGACY-10949,Product Name 949,Penguin,Good product,Toys,145.56,96
LEGACY-10950,Product Name 950,KitchenAid,Good product,H&K,120.38,32
LEGACY-10951,Product Name 951,Sony,Good product,Toys,26.12,18
LEGACY-10952,Product Name 952,KitchenAid,Good product,Toys,68.4,34
LEGACY-10953,Product Name 953,KitchenAid,Good product,App,34.26,99
LEGACY-10954,Product Name 954,Nike,Good product,Books,26.77,30
LEGACY-10955,Product Name 955,Penguin,Good product,Elec,138.74,43
LEGACY-10956,Product Name 956,Penguin,Good product,App,33.41,38
LEGACY-10957,Product Name 957,KitchenAid,Good product,Toys,18.22,59
LEGACY-10958,Product Name 958,KitchenAid,Good product,Elec,95.39,12
LEGACY-10959,Product Name 959,KitchenAid,Good product,H&K,146.78,42
LEGACY-10960,Product Name 960,Sony,Good product,App,48.76,67
LEGACY-10961,Product Name 961,Sony,Good product,Toys,39.61,100
LEGACY-10962,Product Name 962,KitchenAid,Good product,Toys,7.19,95
LEGACY-10963,Product Name 963,Sony,Good product,App,50.3,45
LEGACY-10964,Product Name 964,Sony,Good product,Books,75.45,78
LEGACY-10965,Product Name 965,Sony,Good product,Toys,27.69,0
LEGACY-10966,Product Name 966,KitchenAid,Good product,Elec,144.92,16
LEGACY-10967,Product Name 967,Penguin,Good product,Toys,98.1,39
LEGACY-10968,Product Name 968,Nike,Good product,Toys,6.73,70
LEGACY-10969,Product Name 969,Lego,Good product,Books,8.42,87
LEGACY-10970,Product Name 970,KitchenAid,Good product,Toys,8.25,47
LEGACY-10971,Product Name 971,Lego,Good product,Books,69.24,9
LEGACY-10972,Product Name 972,Nike,Good product,Books,113.62,62
LEGACY-10973,Product Name 973,KitchenAid,Good product,Elec,118.99,53
LEGACY-10974,Product Name 974,Nike,Good product,Elec,87.64,77
LEGACY-10975,Product Name 975,Lego,Good product,H&K,82.4,84
LEGACY-10976,Product Name 976,KitchenAid,Good product,Elec,38.45,49
LEGACY-10977,Product Name 977,Nike,Good product,Toys,12.5,10
LEGACY-10978,Product Name 978,KitchenAid,Good product,Books,36.22,75
LEGACY-10979,Product Name 979,Sony,Good product,Elec,11.41,5
LEGACY-10980,Product Name 980,Penguin,Good product,Elec,121.87,88
LEGACY-10981,Product Name 981,Nike,Good product,App,87.76,35
LEGACY-10982,Product Name 982,Sony,Good product,Books,invalid_price,28
LEGACY-10983,Product Name 983,Nike,Good product,Books,112.3,22
LEGACY-10984,Product Name 984,Lego,Good product,H&K,73.82,77
LEGACY-10985,Product Name 985,Sony,Good product,Toys,69.88,72
LEGACY-10986,Product Name 986,Lego,Good product,Toys,43.1,27
LEGACY-10987,Product Name 987,KitchenAid,Good product,Books,-10.0,15
LEGACY-10988,Product Name 988,Sony,Good product,Toys,69.45,62
LEGACY-10989,Product Name 989,KitchenAid,Good product,Toys,28.47,75
LEGACY-10990,Product Name 990,Nike,Good product,App,69.07,53
LEGACY-10991,Product Name 991,KitchenAid,Good product,Books,100.38,65
LEGACY-10992,Product Name 992,KitchenAid,Good product,Books,134.98,72
LEGACY-10993,Product Name 993,Sony,Good product,App,88.48,93
LEGACY-10994,Product Name 994,Nike,Good product,Toys,86.2,60
LEGACY-10995,Product Name 995,KitchenAid,Good product,Books,88.23,35
LEGACY-10996,Product Name 996,Sony,Good product,Books,130.95,63
LEGACY-10997,Product Name 997,KitchenAid,Good product,App,84.57,97
LEGACY-10998,Product Name 998,KitchenAid,Good product,H&K,38.53,54
LEGACY-10999,Product Name 999,Nike,Good product,Elec,52.23,94
